[
  {
    "id": "mljjpk9h3619kwfvt9y",
    "name": "Brute Force Login Attempt",
    "description": "Başarısız login denemelerini tespit eder. 5 dakika içinde aynı kullanıcı için 5'ten fazla başarısız deneme yapıldığında alarm verir.",
    "category": "Authentication",
    "severity": "High",
    "query": "index=security sourcetype=auth action=failure\n| stats count by user, src_ip\n| where count > 5\n| table user, src_ip, count",
    "created": "2026-02-12T14:20:01.877Z",
    "updated": "2026-02-12T17:03:49.580Z",
    "isStarred": false,
    "isActive": true,
    "mitre": {
      "tacticId": "TA0006",
      "tacticName": "Credential Access",
      "techniqueId": "T1110",
      "techniqueName": "Brute Force"
    },
    "verified": true,
    "verified_at": "2026-02-12T17:03:49.580Z",
    "verified_by": "local_user",
    "note": ""
  },
  {
    "id": "mljjpk9hjzdnkko3iup",
    "name": "Suspicious Network Traffic",
    "description": "Anormal port kullanımı ve yüksek veri transferi tespit eder.",
    "category": "Network",
    "severity": "Critical",
    "query": "index=network sourcetype=firewall\n| stats sum(bytes_out) as total_bytes by src_ip, dest_port\n| where total_bytes > 1000000000\n| eval total_gb = round(total_bytes/1024/1024/1024, 2)\n| table src_ip, dest_port, total_gb",
    "created": "2026-02-12T14:20:01.877Z",
    "updated": "2026-02-12T17:22:02.885Z",
    "isStarred": false,
    "isActive": true,
    "mitre": {
      "tacticId": "TA0007",
      "tacticName": "Discovery",
      "techniqueId": "T1046",
      "techniqueName": "Network Service Scanning"
    },
    "verified": false,
    "verified_at": null,
    "verified_by": null,
    "note": "test"
  },
  {
    "id": "mljjpk9hiylds2z5bd9",
    "name": "Malware File Detection",
    "description": "Zararlı dosya hash'lerini tespit eder ve ilgili host bilgilerini gösterir.",
    "category": "Malware",
    "severity": "Critical",
    "query": "index=endpoint sourcetype=antivirus action=blocked\n| stats count by file_hash, file_name, host\n| lookup malware_hashes.csv hash as file_hash OUTPUT threat_name\n| where isnotnull(threat_name)\n| table host, file_name, file_hash, threat_name, count",
    "created": "2026-02-12T14:20:01.877Z",
    "updated": "2026-02-12T14:20:01.877Z",
    "isStarred": false,
    "isActive": true,
    "mitre": {
      "tacticId": "TA0002",
      "tacticName": "Execution",
      "techniqueId": "T1059",
      "techniqueName": "Command and Scripting Interpreter"
    },
    "verified": false,
    "verified_at": null,
    "verified_by": null,
    "note": ""
  },
  {
    "id": "mljjpk9hkygrr39t1c",
    "name": "Privilege Escalation Attempt",
    "description": "Yetki yükseltme girişimlerini tespit eder (sudo, runas, vb.)",
    "category": "Privilege Escalation",
    "severity": "High",
    "query": "index=linux sourcetype=secure (sudo OR su)\n| rex field=_raw \"(?<command>sudo\\s+.+|su\\s+.+)\"\n| stats count by user, host, command\n| where count > 3\n| table _time, user, host, command, count",
    "created": "2026-02-12T14:20:01.877Z",
    "updated": "2026-02-12T14:20:01.877Z",
    "isStarred": false,
    "isActive": true,
    "mitre": {
      "tacticId": "TA0004",
      "tacticName": "Privilege Escalation",
      "techniqueId": "T1548.003",
      "techniqueName": "Sudo and Sudo Caching"
    },
    "verified": false,
    "verified_at": null,
    "verified_by": null,
    "note": ""
  },
  {
    "id": "mljjpk9h3kn6h4qyn8j",
    "name": "Data Exfiltration via Email",
    "description": "Büyük dosya ekli email gönderimlerini tespit eder.",
    "category": "Data Exfiltration",
    "severity": "Medium",
    "query": "index=email sourcetype=mail\n| where attachment_size > 10485760\n| eval size_mb = round(attachment_size/1024/1024, 2)\n| stats count, sum(size_mb) as total_mb by sender, recipient\n| where total_mb > 100\n| table sender, recipient, count, total_mb",
    "created": "2026-02-12T14:20:01.877Z",
    "updated": "2026-02-12T16:57:41.498Z",
    "isStarred": false,
    "isActive": true,
    "mitre": {
      "tacticId": "TA0010",
      "tacticName": "Exfiltration",
      "techniqueId": "T1041",
      "techniqueName": "Exfiltration Over C2 Channel"
    },
    "verified": false,
    "verified_at": null,
    "verified_by": null,
    "note": ""
  },
  {
    "id": "mljjpk9hif43hog3fqm",
    "name": "Failed VPN Authentication",
    "description": "VPN bağlantı başarısızlıklarını izler.",
    "category": "Authentication",
    "severity": "Medium",
    "query": "index=vpn sourcetype=vpn_logs action=failure\n| stats count by user, src_ip, reason\n| where count > 3\n| table _time, user, src_ip, reason, count\n| sort -count",
    "created": "2026-02-12T14:20:01.877Z",
    "updated": "2026-02-12T14:22:29.381Z",
    "isStarred": false,
    "isActive": true,
    "mitre": {
      "tacticId": "TA0007",
      "tacticName": "Discovery",
      "techniqueId": "T1046",
      "techniqueName": "Network Service Scanning"
    },
    "verified": false,
    "verified_at": null,
    "verified_by": null,
    "note": ""
  },
  {
    "id": "mljjpk9h7c4cwnexwzr",
    "name": "Lateral Movement Detection",
    "description": "Ağ içinde lateral movement hareketlerini tespit eder (psexec, wmi, vb.)",
    "category": "Lateral Movement",
    "severity": "Critical",
    "query": "index=windows sourcetype=WinEventLog:Security EventCode IN (4624, 4648, 4672)\n| stats dc(dest_host) as unique_hosts by user\n| where unique_hosts > 5\n| table user, unique_hosts\n| sort -unique_hosts",
    "created": "2026-02-12T14:20:01.877Z",
    "updated": "2026-02-12T14:20:01.877Z",
    "isStarred": false,
    "isActive": true,
    "mitre": {
      "tacticId": "TA0008",
      "tacticName": "Lateral Movement",
      "techniqueId": "T1021",
      "techniqueName": "Remote Services"
    },
    "verified": false,
    "verified_at": null,
    "verified_by": null,
    "note": ""
  },
  {
    "id": "mljjpk9hlof95dou22",
    "name": "DNS Tunneling Detection",
    "description": "DNS üzerinden veri sızıntısı veya C2 iletişimi tespit eder.",
    "category": "Command & Control",
    "severity": "High",
    "query": "index=dns sourcetype=dns\n| eval query_length=len(query)\n| where query_length > 50\n| stats count, avg(query_length) as avg_len by src_ip, query\n| where count > 100 OR avg_len > 75\n| table src_ip, query, count, avg_len\n| sort -count",
    "created": "2026-02-12T14:20:01.877Z",
    "updated": "2026-02-12T14:20:01.877Z",
    "isStarred": false,
    "isActive": true,
    "mitre": {
      "tacticId": "TA0011",
      "tacticName": "Command and Control",
      "techniqueId": "T1071",
      "techniqueName": "Application Layer Protocol"
    },
    "verified": false,
    "verified_at": null,
    "verified_by": null,
    "note": ""
  },
  {
    "id": "mljjpk9h00aipo3grmk63",
    "name": "Windows - A logon was attempted using explicit credentials",
    "description": "Explicit credentials kullanılarak yapılan login girişimlerini izler (RunAs, net use vb.)",
    "category": "Windows",
    "severity": "Medium",
    "query": "index=windows sourcetype=WinEventLog:Security EventCode=4648\n| stats count by user, TargetUserName, dest, process\n| table _time, user, TargetUserName, dest, process, count\n| sort -count",
    "created": "2026-02-12T14:20:01.877Z",
    "updated": "2026-02-12T14:20:01.877Z",
    "isStarred": false,
    "isActive": true,
    "mitre": {
      "tacticId": "TA0007",
      "tacticName": "Discovery",
      "techniqueId": "T1046",
      "techniqueName": "Network Service Scanning"
    },
    "verified": false,
    "verified_at": null,
    "verified_by": null,
    "note": ""
  },
  {
    "id": "mljjpk9h2bobdl70so5",
    "name": "Windows - An account failed to log on",
    "description": "Windows başarısız login denemelerini tespit eder.",
    "category": "Windows",
    "severity": "High",
    "query": "index=windows sourcetype=WinEventLog:Security EventCode=4625\n| stats count by user, src_ip, dest, FailureReason\n| where count > 3\n| table _time, user, src_ip, dest, FailureReason, count\n| sort -count",
    "created": "2026-02-12T14:20:01.877Z",
    "updated": "2026-02-12T14:20:01.877Z",
    "isStarred": false,
    "isActive": true,
    "mitre": {
      "tacticId": "TA0007",
      "tacticName": "Discovery",
      "techniqueId": "T1046",
      "techniqueName": "Network Service Scanning"
    },
    "verified": false,
    "verified_at": null,
    "verified_by": null,
    "note": ""
  },
  {
    "id": "mljjpk9hsu8mh61ye9",
    "name": "Windows - An account was logged off",
    "description": "Windows hesap logoff işlemlerini izler.",
    "category": "Windows",
    "severity": "Info",
    "query": "index=windows sourcetype=WinEventLog:Security EventCode=4634\n| stats count by user, dest, LogonType\n| table _time, user, dest, LogonType, count\n| sort -_time",
    "created": "2026-02-12T14:20:01.877Z",
    "updated": "2026-02-12T14:20:01.877Z",
    "isStarred": false,
    "isActive": true,
    "mitre": {
      "tacticId": "TA0007",
      "tacticName": "Discovery",
      "techniqueId": "T1046",
      "techniqueName": "Network Service Scanning"
    },
    "verified": false,
    "verified_at": null,
    "verified_by": null,
    "note": ""
  },
  {
    "id": "mljjpk9hjij2gvfbazn",
    "name": "Windows - An account was successfully logged on",
    "description": "Windows başarılı login işlemlerini izler.",
    "category": "Windows",
    "severity": "Info",
    "query": "index=windows sourcetype=WinEventLog:Security EventCode=4624\n| stats count by user, src_ip, dest, LogonType\n| table _time, user, src_ip, dest, LogonType, count\n| sort -_time",
    "created": "2026-02-12T14:20:01.877Z",
    "updated": "2026-02-12T14:20:01.877Z",
    "isStarred": false,
    "isActive": true,
    "mitre": {
      "tacticId": "TA0007",
      "tacticName": "Discovery",
      "techniqueId": "T1046",
      "techniqueName": "Network Service Scanning"
    },
    "verified": false,
    "verified_at": null,
    "verified_by": null,
    "note": ""
  },
  {
    "id": "mljjpk9hjxwrngy7pfi",
    "name": "SGM-0014 - Windows - A user has been added or removed from the ITSecurity AD Group",
    "description": "ITSecurity Active Directory grubuna kullanıcı ekleme/çıkarma işlemlerini tespit eder.",
    "category": "Windows",
    "severity": "Critical",
    "query": "index=windows sourcetype=WinEventLog:Security (EventCode=4728 OR EventCode=4729 OR EventCode=4732 OR EventCode=4733)\n| search GroupName=\"ITSecurity\" OR GroupName=\"IT Security\"\n| eval action=if(EventCode IN (4728,4732), \"Added\", \"Removed\")\n| table _time, user, TargetUserName, GroupName, action, dest\n| sort -_time",
    "created": "2026-02-12T14:20:01.877Z",
    "updated": "2026-02-12T14:20:01.877Z",
    "isStarred": false,
    "isActive": true,
    "mitre": {
      "tacticId": "TA0007",
      "tacticName": "Discovery",
      "techniqueId": "T1046",
      "techniqueName": "Network Service Scanning"
    },
    "verified": false,
    "verified_at": null,
    "verified_by": null,
    "note": ""
  },
  {
    "id": "mljjpk9hghlzu4nkbks",
    "name": "SGM-0031 - Windows - Interactive NPA Logon Anomaly Notification",
    "description": "Non-Personal Account (NPA) üzerinden anormal interaktif login girişimlerini tespit eder.",
    "category": "Windows",
    "severity": "High",
    "query": "index=windows sourcetype=WinEventLog:Security EventCode=4624 LogonType=2\n| search user=\"NPA_*\" OR user=\"SVC_*\"\n| stats count by user, src_ip, dest, _time\n| where count > 1\n| table _time, user, src_ip, dest, count\n| sort -_time",
    "created": "2026-02-12T14:20:01.877Z",
    "updated": "2026-02-12T14:20:01.877Z",
    "isStarred": false,
    "isActive": true,
    "mitre": {
      "tacticId": "TA0007",
      "tacticName": "Discovery",
      "techniqueId": "T1046",
      "techniqueName": "Network Service Scanning"
    },
    "verified": false,
    "verified_at": null,
    "verified_by": null,
    "note": ""
  },
  {
    "id": "mljjpk9h5c4wllefbp6",
    "name": "SGMTEST - Windows - CMC Subnet Failed Logon",
    "description": "CMC subnet'inden gelen başarısız login denemelerini tespit eder.",
    "category": "Windows",
    "severity": "High",
    "query": "index=windows sourcetype=WinEventLog:Security EventCode=4625\n| search src_ip=\"10.10.*\" OR src_ip=\"172.16.*\"\n| stats count by user, src_ip, dest\n| where count > 5\n| table _time, user, src_ip, dest, count\n| sort -count",
    "created": "2026-02-12T14:20:01.877Z",
    "updated": "2026-02-12T14:20:01.877Z",
    "isStarred": false,
    "isActive": true,
    "mitre": {
      "tacticId": "TA0007",
      "tacticName": "Discovery",
      "techniqueId": "T1046",
      "techniqueName": "Network Service Scanning"
    },
    "verified": false,
    "verified_at": null,
    "verified_by": null,
    "note": ""
  },
  {
    "id": "mljjpk9hmtlmpyfecuq",
    "name": "SGMTEST - Windows - An operation was attempted on a privileged object",
    "description": "Privileged object üzerinde yapılan işlem denemelerini izler.",
    "category": "Windows",
    "severity": "Medium",
    "query": "index=windows sourcetype=WinEventLog:Security EventCode=4674\n| stats count by user, ObjectName, ProcessName, dest\n| table _time, user, ObjectName, ProcessName, dest, count\n| sort -_time",
    "created": "2026-02-12T14:20:01.877Z",
    "updated": "2026-02-12T14:20:01.877Z",
    "isStarred": false,
    "isActive": true,
    "mitre": {
      "tacticId": "TA0004",
      "tacticName": "Privilege Escalation",
      "techniqueId": "T1548.003",
      "techniqueName": "Sudo and Sudo Caching"
    },
    "verified": false,
    "verified_at": null,
    "verified_by": null,
    "note": ""
  },
  {
    "id": "mljjpk9hap8g8uohsq",
    "name": "Domain Users group added to Remote Desktop User on CyberArk Server",
    "description": "CyberArk sunucusunda Remote Desktop Users grubuna Domain Users eklenmesini tespit eder.",
    "category": "Windows",
    "severity": "Critical",
    "query": "index=windows sourcetype=WinEventLog:Security EventCode=4732\n| search dest=\"*CyberArk*\" GroupName=\"Remote Desktop Users\" MemberName=\"Domain Users\"\n| table _time, user, dest, GroupName, MemberName, src_ip\n| sort -_time",
    "created": "2026-02-12T14:20:01.877Z",
    "updated": "2026-02-12T14:20:01.877Z",
    "isStarred": false,
    "isActive": true,
    "mitre": {
      "tacticId": "TA0007",
      "tacticName": "Discovery",
      "techniqueId": "T1046",
      "techniqueName": "Network Service Scanning"
    },
    "verified": false,
    "verified_at": null,
    "verified_by": null,
    "note": ""
  },
  {
    "id": "mljjpk9hw9znjir52af",
    "name": "RHEL: Centrify dzdo granted",
    "description": "Centrify dzdo yetki verme işlemlerini izler.",
    "category": "Linux/Unix",
    "severity": "Medium",
    "query": "index=linux sourcetype=linux_secure \"dzdo\" \"granted\"\n| rex field=_raw \"user=(?<user>\\S+)\"\n| rex field=_raw \"command=(?<command>.+)\"\n| stats count by user, host, command\n| table _time, user, host, command, count\n| sort -_time",
    "created": "2026-02-12T14:20:01.877Z",
    "updated": "2026-02-12T14:20:01.877Z",
    "isStarred": false,
    "isActive": true,
    "mitre": {
      "tacticId": "TA0007",
      "tacticName": "Discovery",
      "techniqueId": "T1046",
      "techniqueName": "Network Service Scanning"
    },
    "verified": false,
    "verified_at": null,
    "verified_by": null,
    "note": ""
  },
  {
    "id": "mljjpk9hs2xrqa0p90k",
    "name": "RHEL: Centrify dzdo granted root",
    "description": "Centrify dzdo ile root yetkisi verme işlemlerini tespit eder.",
    "category": "Linux/Unix",
    "severity": "High",
    "query": "index=linux sourcetype=linux_secure \"dzdo\" \"granted\" \"root\"\n| rex field=_raw \"user=(?<user>\\S+)\"\n| rex field=_raw \"command=(?<command>.+)\"\n| stats count by user, host, command\n| table _time, user, host, command, count\n| sort -_time",
    "created": "2026-02-12T14:20:01.877Z",
    "updated": "2026-02-12T14:20:01.877Z",
    "isStarred": false,
    "isActive": true,
    "mitre": {
      "tacticId": "TA0007",
      "tacticName": "Discovery",
      "techniqueId": "T1046",
      "techniqueName": "Network Service Scanning"
    },
    "verified": false,
    "verified_at": null,
    "verified_by": null,
    "note": ""
  },
  {
    "id": "mljjpk9h3psbm56kh38",
    "name": "Linux Server Access Over Console",
    "description": "Linux sunuculara konsol üzerinden erişimleri izler.",
    "category": "Linux/Unix",
    "severity": "Medium",
    "query": "index=linux sourcetype=linux_secure \"session opened\" \"tty\"\n| stats count by user, host, src_ip\n| table _time, user, host, src_ip, count\n| sort -_time",
    "created": "2026-02-12T14:20:01.877Z",
    "updated": "2026-02-12T14:20:01.877Z",
    "isStarred": false,
    "isActive": true,
    "mitre": {
      "tacticId": "TA0007",
      "tacticName": "Discovery",
      "techniqueId": "T1046",
      "techniqueName": "Network Service Scanning"
    },
    "verified": false,
    "verified_at": null,
    "verified_by": null,
    "note": ""
  },
  {
    "id": "mljjpk9hd24osuevu3",
    "name": "Remote Successful Login with Root",
    "description": "Root kullanıcısı ile uzaktan başarılı login işlemlerini tespit eder.",
    "category": "Linux/Unix",
    "severity": "Critical",
    "query": "index=linux sourcetype=linux_secure user=root \"Accepted\"\n| stats count by user, src_ip, host\n| table _time, user, src_ip, host, count\n| sort -_time",
    "created": "2026-02-12T14:20:01.877Z",
    "updated": "2026-02-12T14:20:01.877Z",
    "isStarred": false,
    "isActive": true,
    "mitre": {
      "tacticId": "TA0007",
      "tacticName": "Discovery",
      "techniqueId": "T1046",
      "techniqueName": "Network Service Scanning"
    },
    "verified": false,
    "verified_at": null,
    "verified_by": null,
    "note": ""
  },
  {
    "id": "mljjpk9heitp5f9mku",
    "name": "Successful Login After Failed Login Attempt",
    "description": "Başarısız login denemelerinden sonra başarılı login olan durumları tespit eder.",
    "category": "Linux/Unix",
    "severity": "High",
    "query": "index=linux sourcetype=linux_secure\n| transaction user, src_ip maxspan=5m\n| search \"Failed password\" AND \"Accepted\"\n| table _time, user, src_ip, host\n| sort -_time",
    "created": "2026-02-12T14:20:01.877Z",
    "updated": "2026-02-12T14:20:01.877Z",
    "isStarred": false,
    "isActive": true,
    "mitre": {
      "tacticId": "TA0006",
      "tacticName": "Credential Access",
      "techniqueId": "T1110",
      "techniqueName": "Brute Force"
    },
    "verified": false,
    "verified_at": null,
    "verified_by": null,
    "note": ""
  },
  {
    "id": "mljjpk9hrjio6o3iqu",
    "name": "Successful Login After Failed Login Attempt from Same User",
    "description": "Aynı kullanıcının başarısız denemelerden sonra başarılı login olmasını izler.",
    "category": "Linux/Unix",
    "severity": "High",
    "query": "index=linux sourcetype=linux_secure\n| transaction user maxspan=5m\n| search \"Failed password\" AND \"Accepted\"\n| stats count by user, src_ip, host\n| table _time, user, src_ip, host, count\n| sort -_time",
    "created": "2026-02-12T14:20:01.877Z",
    "updated": "2026-02-12T14:20:01.877Z",
    "isStarred": false,
    "isActive": true,
    "mitre": {
      "tacticId": "TA0006",
      "tacticName": "Credential Access",
      "techniqueId": "T1110",
      "techniqueName": "Brute Force"
    },
    "verified": false,
    "verified_at": null,
    "verified_by": null,
    "note": ""
  },
  {
    "id": "mljjpk9hsizk39mr0k",
    "name": "Unix Brute Force Login Attempt from same source to same destination",
    "description": "Aynı kaynaktan aynı hedefe brute force login denemelerini tespit eder.",
    "category": "Linux/Unix",
    "severity": "Critical",
    "query": "index=linux sourcetype=linux_secure \"Failed password\"\n| stats count by src_ip, dest, user\n| where count > 10\n| table _time, src_ip, dest, user, count\n| sort -count",
    "created": "2026-02-12T14:20:01.877Z",
    "updated": "2026-02-12T14:20:01.877Z",
    "isStarred": false,
    "isActive": true,
    "mitre": {
      "tacticId": "TA0006",
      "tacticName": "Credential Access",
      "techniqueId": "T1110",
      "techniqueName": "Brute Force"
    },
    "verified": false,
    "verified_at": null,
    "verified_by": null,
    "note": ""
  },
  {
    "id": "mljjpk9hzquf74hj06c",
    "name": "Unix Brute Force Login Attempt from same source to different destinations",
    "description": "Aynı kaynaktan farklı hedeflere brute force login denemelerini tespit eder.",
    "category": "Linux/Unix",
    "severity": "Critical",
    "query": "index=linux sourcetype=linux_secure \"Failed password\"\n| stats dc(dest) as unique_targets, count by src_ip, user\n| where unique_targets > 3 AND count > 15\n| table _time, src_ip, user, unique_targets, count\n| sort -count",
    "created": "2026-02-12T14:20:01.877Z",
    "updated": "2026-02-12T14:20:01.877Z",
    "isStarred": false,
    "isActive": true,
    "mitre": {
      "tacticId": "TA0006",
      "tacticName": "Credential Access",
      "techniqueId": "T1110",
      "techniqueName": "Brute Force"
    },
    "verified": false,
    "verified_at": null,
    "verified_by": null,
    "note": ""
  },
  {
    "id": "mljjpk9hfvz3f43k69p",
    "name": "Unix: Multiple failed logon from same user",
    "description": "Aynı kullanıcıdan gelen çoklu başarısız login denemelerini tespit eder.",
    "category": "Linux/Unix",
    "severity": "High",
    "query": "index=linux sourcetype=linux_secure \"Failed password\"\n| stats count by user, src_ip\n| where count > 5\n| table _time, user, src_ip, count\n| sort -count",
    "created": "2026-02-12T14:20:01.877Z",
    "updated": "2026-02-12T14:20:01.877Z",
    "isStarred": false,
    "isActive": true,
    "mitre": {
      "tacticId": "TA0007",
      "tacticName": "Discovery",
      "techniqueId": "T1046",
      "techniqueName": "Network Service Scanning"
    },
    "verified": false,
    "verified_at": null,
    "verified_by": null,
    "note": ""
  },
  {
    "id": "mljjpk9hjbysw7v3xc",
    "name": "Anonymous FTP Connection Detected",
    "description": "Anonymous FTP bağlantılarını tespit eder.",
    "category": "Linux/Unix",
    "severity": "Medium",
    "query": "index=linux sourcetype=ftp \"anonymous\" OR user=\"ftp\"\n| stats count by src_ip, dest, user\n| table _time, src_ip, dest, user, count\n| sort -_time",
    "created": "2026-02-12T14:20:01.877Z",
    "updated": "2026-02-12T14:20:01.877Z",
    "isStarred": false,
    "isActive": true,
    "mitre": {
      "tacticId": "TA0007",
      "tacticName": "Discovery",
      "techniqueId": "T1046",
      "techniqueName": "Network Service Scanning"
    },
    "verified": false,
    "verified_at": null,
    "verified_by": null,
    "note": ""
  },
  {
    "id": "mljjpk9h7jmnh13zsyk",
    "name": "Suspicious URI Accessed",
    "description": "Şüpheli URI erişimlerini tespit eder (admin, backup, config vb.)",
    "category": "Web Application",
    "severity": "High",
    "query": "index=web sourcetype=access_combined\n| search uri IN (\"*/admin/*\", \"*/backup/*\", \"*/config/*\", \"*/.git/*\", \"*/phpMyAdmin/*\")\n| stats count by src_ip, uri, status\n| table _time, src_ip, uri, status, count\n| sort -count",
    "created": "2026-02-12T14:20:01.877Z",
    "updated": "2026-02-12T14:20:01.877Z",
    "isStarred": false,
    "isActive": true,
    "mitre": {
      "tacticId": "TA0007",
      "tacticName": "Discovery",
      "techniqueId": "T1046",
      "techniqueName": "Network Service Scanning"
    },
    "verified": false,
    "verified_at": null,
    "verified_by": null,
    "note": ""
  },
  {
    "id": "mljjpk9h1eksuscgw7u",
    "name": "Suspicious User Agent",
    "description": "Şüpheli User-Agent header değerlerini tespit eder (scanner, bot vb.)",
    "category": "Web Application",
    "severity": "Medium",
    "query": "index=web sourcetype=access_combined\n| search useragent IN (\"*sqlmap*\", \"*nikto*\", \"*nmap*\", \"*masscan*\", \"*burp*\", \"*scanner*\")\n| stats count by src_ip, useragent, uri\n| table _time, src_ip, useragent, uri, count\n| sort -count",
    "created": "2026-02-12T14:20:01.877Z",
    "updated": "2026-02-12T14:20:01.877Z",
    "isStarred": false,
    "isActive": true,
    "mitre": {
      "tacticId": "TA0007",
      "tacticName": "Discovery",
      "techniqueId": "T1046",
      "techniqueName": "Network Service Scanning"
    },
    "verified": false,
    "verified_at": null,
    "verified_by": null,
    "note": ""
  },
  {
    "id": "mljjpk9hndetbupns9",
    "name": "User Agent Inconsistency",
    "description": "Aynı IP'den farklı User-Agent kullanımını tespit eder.",
    "category": "Web Application",
    "severity": "Medium",
    "query": "index=web sourcetype=access_combined\n| stats dc(useragent) as ua_count by src_ip\n| where ua_count > 5\n| table src_ip, ua_count\n| sort -ua_count",
    "created": "2026-02-12T14:20:01.877Z",
    "updated": "2026-02-12T14:20:01.877Z",
    "isStarred": false,
    "isActive": true,
    "mitre": {
      "tacticId": "TA0007",
      "tacticName": "Discovery",
      "techniqueId": "T1046",
      "techniqueName": "Network Service Scanning"
    },
    "verified": false,
    "verified_at": null,
    "verified_by": null,
    "note": ""
  },
  {
    "id": "mljjpk9hkde5ewzmtca",
    "name": "Web Application HTTP Protocol Anomaly",
    "description": "HTTP protokol anomalilerini tespit eder (büyük header, invalid method vb.)",
    "category": "Web Application",
    "severity": "High",
    "query": "index=web sourcetype=access_combined\n| eval header_length=len(_raw)\n| where header_length > 8192 OR method NOT IN (\"GET\", \"POST\", \"PUT\", \"DELETE\", \"HEAD\", \"OPTIONS\")\n| stats count by src_ip, method, uri\n| table _time, src_ip, method, uri, count\n| sort -count",
    "created": "2026-02-12T14:20:01.877Z",
    "updated": "2026-02-12T14:20:01.877Z",
    "isStarred": false,
    "isActive": true,
    "mitre": {
      "tacticId": "TA0007",
      "tacticName": "Discovery",
      "techniqueId": "T1046",
      "techniqueName": "Network Service Scanning"
    },
    "verified": false,
    "verified_at": null,
    "verified_by": null,
    "note": ""
  },
  {
    "id": "mljjpk9h593v2ij4co4",
    "name": "Web App Suspicious Parameter Usage",
    "description": "Şüpheli parametre kullanımını tespit eder (SQL injection, XSS, command injection vb.)",
    "category": "Web Application",
    "severity": "Critical",
    "query": "index=web sourcetype=access_combined\n| search uri=\"*UNION*SELECT*\" OR uri=\"*<script*\" OR uri=\"*../../../*\" OR uri=\"*cmd=*\" OR uri=\"*exec*\"\n| stats count by src_ip, uri, method\n| table _time, src_ip, method, uri, count\n| sort -count",
    "created": "2026-02-12T14:20:01.877Z",
    "updated": "2026-02-12T14:20:01.877Z",
    "isStarred": false,
    "isActive": true,
    "mitre": {
      "tacticId": "TA0007",
      "tacticName": "Discovery",
      "techniqueId": "T1046",
      "techniqueName": "Network Service Scanning"
    },
    "verified": false,
    "verified_at": null,
    "verified_by": null,
    "note": ""
  },
  {
    "id": "mljjpk9hgm9iiregw1s",
    "name": "Web App Unexpected Response Size",
    "description": "Beklenmedik büyüklükte response size tespit eder.",
    "category": "Web Application",
    "severity": "Medium",
    "query": "index=web sourcetype=access_combined\n| where bytes > 10485760\n| eval size_mb = round(bytes/1024/1024, 2)\n| stats count, avg(size_mb) as avg_size by src_ip, uri\n| table _time, src_ip, uri, avg_size, count\n| sort -avg_size",
    "created": "2026-02-12T14:20:01.877Z",
    "updated": "2026-02-12T14:20:01.877Z",
    "isStarred": false,
    "isActive": true,
    "mitre": {
      "tacticId": "TA0007",
      "tacticName": "Discovery",
      "techniqueId": "T1046",
      "techniqueName": "Network Service Scanning"
    },
    "verified": false,
    "verified_at": null,
    "verified_by": null,
    "note": ""
  },
  {
    "id": "mljjpk9h5mcczmw2ll",
    "name": "Suspicious Request Method Usage",
    "description": "Şüpheli HTTP method kullanımını tespit eder (TRACE, CONNECT, DEBUG vb.)",
    "category": "Web Application",
    "severity": "High",
    "query": "index=web sourcetype=access_combined\n| search method IN (\"TRACE\", \"CONNECT\", \"DEBUG\", \"TRACK\", \"PROPFIND\")\n| stats count by src_ip, method, uri\n| table _time, src_ip, method, uri, count\n| sort -count",
    "created": "2026-02-12T14:20:01.877Z",
    "updated": "2026-02-12T14:20:01.877Z",
    "isStarred": false,
    "isActive": true,
    "mitre": {
      "tacticId": "TA0007",
      "tacticName": "Discovery",
      "techniqueId": "T1046",
      "techniqueName": "Network Service Scanning"
    },
    "verified": false,
    "verified_at": null,
    "verified_by": null,
    "note": ""
  },
  {
    "id": "mljjpk9h2zunqg07hwn",
    "name": "Suspicious File Upload",
    "description": "Şüpheli dosya yükleme işlemlerini tespit eder (.php, .jsp, .asp, .exe vb.)",
    "category": "Web Application",
    "severity": "Critical",
    "query": "index=web sourcetype=access_combined method=POST\n| rex field=uri \"(?<filename>[^/]+\\.(php|jsp|asp|aspx|exe|sh|cmd|bat|dll))$\"\n| where isnotnull(filename)\n| stats count by src_ip, uri, filename\n| table _time, src_ip, uri, filename, count\n| sort -count",
    "created": "2026-02-12T14:20:01.877Z",
    "updated": "2026-02-12T14:20:01.877Z",
    "isStarred": false,
    "isActive": true,
    "mitre": {
      "tacticId": "TA0007",
      "tacticName": "Discovery",
      "techniqueId": "T1046",
      "techniqueName": "Network Service Scanning"
    },
    "verified": false,
    "verified_at": null,
    "verified_by": null,
    "note": ""
  },
  {
    "id": "mljjpk9h917i0a0wff8",
    "name": "Webshell Activity Detection",
    "description": "Web shell aktivitesi tespit eder (c99, r57, WSO vb.)",
    "category": "Web Application",
    "severity": "Critical",
    "query": "index=web sourcetype=access_combined\n| search uri IN (\"*c99.php*\", \"*r57.php*\", \"*wso.php*\", \"*shell.php*\", \"*cmd.php*\", \"*backdoor*\")\n| stats count by src_ip, uri, status\n| table _time, src_ip, uri, status, count\n| sort -_time",
    "created": "2026-02-12T14:20:01.877Z",
    "updated": "2026-02-12T14:20:01.877Z",
    "isStarred": false,
    "isActive": true,
    "mitre": {
      "tacticId": "TA0007",
      "tacticName": "Discovery",
      "techniqueId": "T1046",
      "techniqueName": "Network Service Scanning"
    },
    "verified": false,
    "verified_at": null,
    "verified_by": null,
    "note": ""
  },
  {
    "id": "mljjpk9hg50u53l76sj",
    "name": "Shellshock Code Injection",
    "description": "Shellshock saldırı girişimlerini tespit eder.",
    "category": "Web Application",
    "severity": "Critical",
    "query": "index=web sourcetype=access_combined\n| search useragent=\"*() {*\" OR uri=\"*() {*\" OR referer=\"*() {*\"\n| stats count by src_ip, uri, useragent\n| table _time, src_ip, uri, useragent, count\n| sort -_time",
    "created": "2026-02-12T14:20:01.877Z",
    "updated": "2026-02-12T14:20:01.877Z",
    "isStarred": false,
    "isActive": true,
    "mitre": {
      "tacticId": "TA0007",
      "tacticName": "Discovery",
      "techniqueId": "T1046",
      "techniqueName": "Network Service Scanning"
    },
    "verified": false,
    "verified_at": null,
    "verified_by": null,
    "note": ""
  },
  {
    "id": "mljjpk9h00xrj1k9cuag",
    "name": "Attack from Well-Known Scan Tools",
    "description": "Bilinen tarama araçlarından gelen saldırıları tespit eder.",
    "category": "Web Application",
    "severity": "High",
    "query": "index=web sourcetype=access_combined\n| search useragent IN (\"*nmap*\", \"*masscan*\", \"*zmap*\", \"*acunetix*\", \"*nessus*\", \"*qualys*\", \"*openvas*\")\n| stats count by src_ip, useragent, uri\n| table _time, src_ip, useragent, uri, count\n| sort -count",
    "created": "2026-02-12T14:20:01.877Z",
    "updated": "2026-02-12T14:20:01.877Z",
    "isStarred": false,
    "isActive": true,
    "mitre": {
      "tacticId": "TA0007",
      "tacticName": "Discovery",
      "techniqueId": "T1046",
      "techniqueName": "Network Service Scanning"
    },
    "verified": false,
    "verified_at": null,
    "verified_by": null,
    "note": ""
  },
  {
    "id": "mljjpk9hoywkxctomzj",
    "name": "Suspicious Response Codes (300-310)",
    "description": "300-310 arası HTTP response kodlarını izler (multiple choices, redirect anomalileri).",
    "category": "Web Application",
    "severity": "Low",
    "query": "index=web sourcetype=access_combined status>=300 status<=310\n| stats count by src_ip, uri, status\n| table _time, src_ip, uri, status, count\n| sort -count",
    "created": "2026-02-12T14:20:01.877Z",
    "updated": "2026-02-12T14:20:01.877Z",
    "isStarred": false,
    "isActive": true,
    "mitre": {
      "tacticId": "TA0007",
      "tacticName": "Discovery",
      "techniqueId": "T1046",
      "techniqueName": "Network Service Scanning"
    },
    "verified": false,
    "verified_at": null,
    "verified_by": null,
    "note": ""
  },
  {
    "id": "mljjpk9hcdhhve5h7c7",
    "name": "Suspicious Response Codes (404-505)",
    "description": "404-505 arası HTTP hata kodlarını izler (scanner aktivitesi göstergesi).",
    "category": "Web Application",
    "severity": "Medium",
    "query": "index=web sourcetype=access_combined status>=404 status<=505\n| stats count by src_ip, uri, status\n| where count > 20\n| table _time, src_ip, uri, status, count\n| sort -count",
    "created": "2026-02-12T14:20:01.877Z",
    "updated": "2026-02-12T14:20:01.877Z",
    "isStarred": false,
    "isActive": true,
    "mitre": {
      "tacticId": "TA0007",
      "tacticName": "Discovery",
      "techniqueId": "T1046",
      "techniqueName": "Network Service Scanning"
    },
    "verified": false,
    "verified_at": null,
    "verified_by": null,
    "note": ""
  },
  {
    "id": "mljjpk9hhcznd17w4kv",
    "name": "Suspicious IP Address Source Match",
    "description": "Threat intelligence listesindeki kaynak IP adreslerini tespit eder.",
    "category": "Web Application",
    "severity": "Critical",
    "query": "index=web sourcetype=access_combined\n| lookup threat_intel.csv ip as src_ip OUTPUT threat_type, threat_score\n| where isnotnull(threat_type)\n| stats count by src_ip, threat_type, threat_score, uri\n| table _time, src_ip, threat_type, threat_score, uri, count\n| sort -threat_score",
    "created": "2026-02-12T14:20:01.877Z",
    "updated": "2026-02-12T14:20:01.877Z",
    "isStarred": false,
    "isActive": true,
    "mitre": {
      "tacticId": "TA0007",
      "tacticName": "Discovery",
      "techniqueId": "T1046",
      "techniqueName": "Network Service Scanning"
    },
    "verified": false,
    "verified_at": null,
    "verified_by": null,
    "note": ""
  },
  {
    "id": "mljjpk9h5hb7f21trvr",
    "name": "Suspicious IP Address Destination Match",
    "description": "Threat intelligence listesindeki hedef IP adreslerine erişimi tespit eder.",
    "category": "Web Application",
    "severity": "High",
    "query": "index=web sourcetype=access_combined\n| lookup threat_intel.csv ip as dest_ip OUTPUT threat_type, threat_score\n| where isnotnull(threat_type)\n| stats count by dest_ip, threat_type, threat_score, src_ip\n| table _time, src_ip, dest_ip, threat_type, threat_score, count\n| sort -threat_score",
    "created": "2026-02-12T14:20:01.877Z",
    "updated": "2026-02-12T14:20:01.877Z",
    "isStarred": false,
    "isActive": true,
    "mitre": {
      "tacticId": "TA0007",
      "tacticName": "Discovery",
      "techniqueId": "T1046",
      "techniqueName": "Network Service Scanning"
    },
    "verified": false,
    "verified_at": null,
    "verified_by": null,
    "note": ""
  },
  {
    "id": "mljjpk9hus78p7w4edg",
    "name": "SQL Injection sonrası: Suspicious AV Event",
    "description": "SQL Injection sonrası antivirus event tespit eder (post-exploitation göstergesi).",
    "category": "Web Application",
    "severity": "Critical",
    "query": "index=web sourcetype=access_combined uri=\"*UNION*SELECT*\" OR uri=\"*1=1*\" \n| join src_ip [search index=endpoint sourcetype=antivirus action=blocked | fields src_ip, file_name, threat_name]\n| table _time, src_ip, uri, file_name, threat_name\n| sort -_time",
    "created": "2026-02-12T14:20:01.877Z",
    "updated": "2026-02-12T14:20:01.877Z",
    "isStarred": false,
    "isActive": true,
    "mitre": {
      "tacticId": "TA0007",
      "tacticName": "Discovery",
      "techniqueId": "T1046",
      "techniqueName": "Network Service Scanning"
    },
    "verified": false,
    "verified_at": null,
    "verified_by": null,
    "note": ""
  },
  {
    "id": "mljjpk9hy9ahl4a7vcs",
    "name": "SQL Injection sonrası: User Account Created",
    "description": "SQL Injection sonrası kullanıcı hesabı oluşturma tespit eder.",
    "category": "Web Application",
    "severity": "Critical",
    "query": "index=web sourcetype=access_combined uri=\"*UNION*SELECT*\" OR uri=\"*1=1*\"\n| join src_ip [search index=windows sourcetype=WinEventLog:Security EventCode=4720 | fields src_ip, TargetUserName]\n| table _time, src_ip, uri, TargetUserName\n| sort -_time",
    "created": "2026-02-12T14:20:01.877Z",
    "updated": "2026-02-12T14:20:01.877Z",
    "isStarred": false,
    "isActive": true,
    "mitre": {
      "tacticId": "TA0007",
      "tacticName": "Discovery",
      "techniqueId": "T1046",
      "techniqueName": "Network Service Scanning"
    },
    "verified": false,
    "verified_at": null,
    "verified_by": null,
    "note": ""
  },
  {
    "id": "mljjpk9hc4xhiviikh",
    "name": "TOR Network Connection Attempt",
    "description": "TOR ağına bağlantı girişimlerini tespit eder.",
    "category": "Network",
    "severity": "High",
    "query": "index=network sourcetype=firewall\n| lookup tor_exit_nodes.csv ip as dest_ip OUTPUT is_tor\n| where is_tor=\"true\"\n| stats count by src_ip, dest_ip, dest_port\n| table _time, src_ip, dest_ip, dest_port, count\n| sort -count",
    "created": "2026-02-12T14:20:01.877Z",
    "updated": "2026-02-12T14:20:01.877Z",
    "isStarred": false,
    "isActive": true,
    "mitre": {
      "tacticId": "TA0007",
      "tacticName": "Discovery",
      "techniqueId": "T1046",
      "techniqueName": "Network Service Scanning"
    },
    "verified": false,
    "verified_at": null,
    "verified_by": null,
    "note": ""
  },
  {
    "id": "mljjpk9h966h0d3cnwj",
    "name": "Rogue Wireless Device Detected",
    "description": "Yetkisiz wireless cihaz tespit eder.",
    "category": "Network",
    "severity": "Critical",
    "query": "index=network sourcetype=wireless action=detected\n| search NOT [| inputlookup authorized_aps.csv | fields mac_address]\n| stats count by mac_address, ssid, src_ip\n| table _time, mac_address, ssid, src_ip, count\n| sort -_time",
    "created": "2026-02-12T14:20:01.877Z",
    "updated": "2026-02-12T14:20:01.877Z",
    "isStarred": false,
    "isActive": true,
    "mitre": {
      "tacticId": "TA0007",
      "tacticName": "Discovery",
      "techniqueId": "T1046",
      "techniqueName": "Network Service Scanning"
    },
    "verified": false,
    "verified_at": null,
    "verified_by": null,
    "note": ""
  },
  {
    "id": "mljjpk9hfdol1cpyll",
    "name": "Rogue Device Detected",
    "description": "Ağda yetkisiz cihaz tespit eder.",
    "category": "Network",
    "severity": "Critical",
    "query": "index=network sourcetype=dhcp action=request\n| search NOT [| inputlookup authorized_devices.csv | fields mac_address]\n| stats count by mac_address, src_ip, hostname\n| table _time, mac_address, src_ip, hostname, count\n| sort -_time",
    "created": "2026-02-12T14:20:01.877Z",
    "updated": "2026-02-12T14:20:01.877Z",
    "isStarred": false,
    "isActive": true,
    "mitre": {
      "tacticId": "TA0007",
      "tacticName": "Discovery",
      "techniqueId": "T1046",
      "techniqueName": "Network Service Scanning"
    },
    "verified": false,
    "verified_at": null,
    "verified_by": null,
    "note": ""
  },
  {
    "id": "mljjpk9hgsbegn77xc4",
    "name": "Span / Mirror Port Configured",
    "description": "Switch üzerinde span/mirror port konfigürasyonunu tespit eder (traffic sniffing göstergesi).",
    "category": "Network",
    "severity": "Critical",
    "query": "index=network sourcetype=cisco:ios \"monitor session\" OR \"port monitor\"\n| rex field=_raw \"monitor session (?<session_id>\\d+)\"\n| stats count by host, session_id, user\n| table _time, host, session_id, user, count\n| sort -_time",
    "created": "2026-02-12T14:20:01.877Z",
    "updated": "2026-02-12T14:20:01.877Z",
    "isStarred": false,
    "isActive": true,
    "mitre": {
      "tacticId": "TA0007",
      "tacticName": "Discovery",
      "techniqueId": "T1046",
      "techniqueName": "Network Service Scanning"
    },
    "verified": false,
    "verified_at": null,
    "verified_by": null,
    "note": ""
  },
  {
    "id": "mljjpk9h031r91ipx4gb",
    "name": "VPN: Host AV Check Failed",
    "description": "VPN bağlantısında host antivirus kontrolünün başarısız olmasını tespit eder.",
    "category": "VPN",
    "severity": "High",
    "query": "index=vpn sourcetype=vpn_logs \"av check\" \"failed\"\n| stats count by user, src_ip, host\n| table _time, user, src_ip, host, count\n| sort -_time",
    "created": "2026-02-12T14:20:01.877Z",
    "updated": "2026-02-12T14:20:01.877Z",
    "isStarred": false,
    "isActive": true,
    "mitre": {
      "tacticId": "TA0007",
      "tacticName": "Discovery",
      "techniqueId": "T1046",
      "techniqueName": "Network Service Scanning"
    },
    "verified": false,
    "verified_at": null,
    "verified_by": null,
    "note": ""
  },
  {
    "id": "mljjpk9haq1v5d29eyp",
    "name": "VPN Access for Over Times (00:00-06:00)",
    "description": "Mesai dışı saatlerde (gece 00:00-06:00) VPN erişimlerini tespit eder.",
    "category": "VPN",
    "severity": "Medium",
    "query": "index=vpn sourcetype=vpn_logs action=success\n| eval hour=strftime(_time, \"%H\")\n| where hour>=0 AND hour<6\n| stats count by user, src_ip, hour\n| table _time, user, src_ip, hour, count\n| sort -_time",
    "created": "2026-02-12T14:20:01.877Z",
    "updated": "2026-02-12T14:20:01.877Z",
    "isStarred": false,
    "isActive": true,
    "mitre": {
      "tacticId": "TA0007",
      "tacticName": "Discovery",
      "techniqueId": "T1046",
      "techniqueName": "Network Service Scanning"
    },
    "verified": false,
    "verified_at": null,
    "verified_by": null,
    "note": ""
  },
  {
    "id": "mljjpk9hx6m4h4sb56",
    "name": "VPN Access for IT Security Team",
    "description": "IT Security ekibi VPN erişimlerini izler (monitoring ve compliance için).",
    "category": "VPN",
    "severity": "Info",
    "query": "index=vpn sourcetype=vpn_logs action=success\n| search user IN (\"*itsec*\", \"*security*\", \"*soc*\")\n| stats count by user, src_ip, dest\n| table _time, user, src_ip, dest, count\n| sort -_time",
    "created": "2026-02-12T14:20:01.877Z",
    "updated": "2026-02-12T14:20:01.877Z",
    "isStarred": false,
    "isActive": true,
    "mitre": {
      "tacticId": "TA0007",
      "tacticName": "Discovery",
      "techniqueId": "T1046",
      "techniqueName": "Network Service Scanning"
    },
    "verified": false,
    "verified_at": null,
    "verified_by": null,
    "note": ""
  },
  {
    "id": "mljjpk9hi52gzdz3jul",
    "name": "ForcePoint DLP Closed Incident by non-MonitoringStaff",
    "description": "DLP incident'inin monitoring staff dışındaki kullanıcılar tarafından kapatılmasını tespit eder.",
    "category": "DLP",
    "severity": "High",
    "query": "index=dlp sourcetype=forcepoint action=\"incident_closed\"\n| search NOT user IN (\"monitoring*\", \"soc*\", \"admin*\")\n| stats count by user, incident_id, severity\n| table _time, user, incident_id, severity, count\n| sort -_time",
    "created": "2026-02-12T14:20:01.877Z",
    "updated": "2026-02-12T14:20:01.877Z",
    "isStarred": false,
    "isActive": true,
    "mitre": {
      "tacticId": "TA0007",
      "tacticName": "Discovery",
      "techniqueId": "T1046",
      "techniqueName": "Network Service Scanning"
    },
    "verified": false,
    "verified_at": null,
    "verified_by": null,
    "note": ""
  },
  {
    "id": "mljjpk9hshoc0l120xh",
    "name": "ForcePoint DLP Endpoint Bypass",
    "description": "DLP endpoint bypass girişimlerini tespit eder.",
    "category": "DLP",
    "severity": "Critical",
    "query": "index=dlp sourcetype=forcepoint action=\"bypass_attempt\" OR action=\"agent_disabled\"\n| stats count by user, host, action\n| table _time, user, host, action, count\n| sort -_time",
    "created": "2026-02-12T14:20:01.877Z",
    "updated": "2026-02-12T14:20:01.877Z",
    "isStarred": false,
    "isActive": true,
    "mitre": {
      "tacticId": "TA0007",
      "tacticName": "Discovery",
      "techniqueId": "T1046",
      "techniqueName": "Network Service Scanning"
    },
    "verified": false,
    "verified_at": null,
    "verified_by": null,
    "note": ""
  },
  {
    "id": "mljjpk9hqekoaeovyyb",
    "name": "ForcePoint DLP Exclusion Audit",
    "description": "DLP exclusion eklemelerini audit eder.",
    "category": "DLP",
    "severity": "Medium",
    "query": "index=dlp sourcetype=forcepoint action=\"exclusion_added\"\n| stats count by user, exclusion_type, exclusion_value\n| table _time, user, exclusion_type, exclusion_value, count\n| sort -_time",
    "created": "2026-02-12T14:20:01.877Z",
    "updated": "2026-02-12T14:20:01.877Z",
    "isStarred": false,
    "isActive": true,
    "mitre": {
      "tacticId": "TA0007",
      "tacticName": "Discovery",
      "techniqueId": "T1046",
      "techniqueName": "Network Service Scanning"
    },
    "verified": false,
    "verified_at": null,
    "verified_by": null,
    "note": ""
  },
  {
    "id": "mljjpk9hrg8ial41hdm",
    "name": "ForcePoint DLP Rule Deleted",
    "description": "DLP rule silme işlemlerini tespit eder.",
    "category": "DLP",
    "severity": "Critical",
    "query": "index=dlp sourcetype=forcepoint action=\"rule_deleted\"\n| stats count by user, rule_name, rule_id\n| table _time, user, rule_name, rule_id, count\n| sort -_time",
    "created": "2026-02-12T14:20:01.877Z",
    "updated": "2026-02-12T14:20:01.877Z",
    "isStarred": false,
    "isActive": true,
    "mitre": {
      "tacticId": "TA0007",
      "tacticName": "Discovery",
      "techniqueId": "T1046",
      "techniqueName": "Network Service Scanning"
    },
    "verified": false,
    "verified_at": null,
    "verified_by": null,
    "note": ""
  },
  {
    "id": "mljjpk9hxdxw1drqcze",
    "name": "ForcePoint DLP Rule Updated",
    "description": "DLP rule güncelleme işlemlerini izler.",
    "category": "DLP",
    "severity": "Medium",
    "query": "index=dlp sourcetype=forcepoint action=\"rule_updated\"\n| stats count by user, rule_name, rule_id\n| table _time, user, rule_name, rule_id, count\n| sort -_time",
    "created": "2026-02-12T14:20:01.877Z",
    "updated": "2026-02-12T14:20:01.877Z",
    "isStarred": false,
    "isActive": true,
    "mitre": {
      "tacticId": "TA0007",
      "tacticName": "Discovery",
      "techniqueId": "T1046",
      "techniqueName": "Network Service Scanning"
    },
    "verified": false,
    "verified_at": null,
    "verified_by": null,
    "note": ""
  },
  {
    "id": "mljjpk9h7p0xy35xjza",
    "name": "Mail Sender External Init",
    "description": "External mail sender başlatma işlemlerini tespit eder.",
    "category": "Mail",
    "severity": "Medium",
    "query": "index=email sourcetype=mail direction=outbound\n| search sender=\"*@*\" NOT sender=\"*@yourdomain.com\"\n| stats count by sender, recipient, subject\n| table _time, sender, recipient, subject, count\n| sort -count",
    "created": "2026-02-12T14:20:01.877Z",
    "updated": "2026-02-12T14:20:01.877Z",
    "isStarred": false,
    "isActive": true,
    "mitre": {
      "tacticId": "TA0007",
      "tacticName": "Discovery",
      "techniqueId": "T1046",
      "techniqueName": "Network Service Scanning"
    },
    "verified": false,
    "verified_at": null,
    "verified_by": null,
    "note": ""
  },
  {
    "id": "mljjpk9hgfk3jm06hde",
    "name": "Mail Sender Set",
    "description": "Mail sender değişikliklerini izler.",
    "category": "Mail",
    "severity": "Medium",
    "query": "index=email sourcetype=exchange action=\"sender_modified\"\n| stats count by user, original_sender, new_sender\n| table _time, user, original_sender, new_sender, count\n| sort -_time",
    "created": "2026-02-12T14:20:01.877Z",
    "updated": "2026-02-12T14:20:01.877Z",
    "isStarred": false,
    "isActive": true,
    "mitre": {
      "tacticId": "TA0007",
      "tacticName": "Discovery",
      "techniqueId": "T1046",
      "techniqueName": "Network Service Scanning"
    },
    "verified": false,
    "verified_at": null,
    "verified_by": null,
    "note": ""
  },
  {
    "id": "mljjpk9hvltj23b52f",
    "name": "Mail Size Calculation",
    "description": "Büyük boyutlu email gönderimlerini tespit eder.",
    "category": "Mail",
    "severity": "Low",
    "query": "index=email sourcetype=mail\n| eval size_mb = round(size/1024/1024, 2)\n| where size_mb > 25\n| stats count, sum(size_mb) as total_mb by sender, recipient\n| table _time, sender, recipient, total_mb, count\n| sort -total_mb",
    "created": "2026-02-12T14:20:01.877Z",
    "updated": "2026-02-12T14:20:01.877Z",
    "isStarred": false,
    "isActive": true,
    "mitre": {
      "tacticId": "TA0007",
      "tacticName": "Discovery",
      "techniqueId": "T1046",
      "techniqueName": "Network Service Scanning"
    },
    "verified": false,
    "verified_at": null,
    "verified_by": null,
    "note": ""
  },
  {
    "id": "mljjpk9hz683yrv98ts",
    "name": "Possible Phishing Attack Over Mail",
    "description": "Olası phishing saldırılarını tespit eder (suspicious links, attachments vb.)",
    "category": "Mail",
    "severity": "High",
    "query": "index=email sourcetype=mail\n| search subject IN (\"*urgent*\", \"*verify*\", \"*account*\", \"*suspended*\", \"*click here*\")\n| search attachment IN (\"*.exe\", \"*.scr\", \"*.zip\", \"*.js\")\n| stats count by sender, recipient, subject, attachment\n| table _time, sender, recipient, subject, attachment, count\n| sort -count",
    "created": "2026-02-12T14:20:01.877Z",
    "updated": "2026-02-12T14:20:01.877Z",
    "isStarred": false,
    "isActive": true,
    "mitre": {
      "tacticId": "TA0007",
      "tacticName": "Discovery",
      "techniqueId": "T1046",
      "techniqueName": "Network Service Scanning"
    },
    "verified": false,
    "verified_at": null,
    "verified_by": null,
    "note": ""
  },
  {
    "id": "mljjpk9h4amat2vm9cr",
    "name": "Mailbox Read Access (Full Access)",
    "description": "Mailbox üzerinde full access yetkisi verilmesini tespit eder.",
    "category": "Mail",
    "severity": "High",
    "query": "index=email sourcetype=exchange EventCode=1 action=\"Add-MailboxPermission\"\n| search AccessRights=\"FullAccess\"\n| stats count by user, mailbox, AccessRights\n| table _time, user, mailbox, AccessRights, count\n| sort -_time",
    "created": "2026-02-12T14:20:01.877Z",
    "updated": "2026-02-12T14:20:01.877Z",
    "isStarred": false,
    "isActive": true,
    "mitre": {
      "tacticId": "TA0007",
      "tacticName": "Discovery",
      "techniqueId": "T1046",
      "techniqueName": "Network Service Scanning"
    },
    "verified": false,
    "verified_at": null,
    "verified_by": null,
    "note": ""
  },
  {
    "id": "mljjpk9hlxkihatzlaq",
    "name": "Mailbox Disabled",
    "description": "Mailbox devre dışı bırakma işlemlerini tespit eder.",
    "category": "Mail",
    "severity": "Medium",
    "query": "index=email sourcetype=exchange action=\"Disable-Mailbox\"\n| stats count by user, mailbox\n| table _time, user, mailbox, count\n| sort -_time",
    "created": "2026-02-12T14:20:01.877Z",
    "updated": "2026-02-12T14:20:01.877Z",
    "isStarred": false,
    "isActive": true,
    "mitre": {
      "tacticId": "TA0007",
      "tacticName": "Discovery",
      "techniqueId": "T1046",
      "techniqueName": "Network Service Scanning"
    },
    "verified": false,
    "verified_at": null,
    "verified_by": null,
    "note": ""
  },
  {
    "id": "mljjpk9h4bm04vcfqsx",
    "name": "Mailbox Removed / Deleted Content",
    "description": "Mailbox içerik silme işlemlerini tespit eder.",
    "category": "Mail",
    "severity": "High",
    "query": "index=email sourcetype=exchange action=\"Remove-MailboxContent\" OR action=\"Delete\"\n| stats count by user, mailbox, folder\n| table _time, user, mailbox, folder, count\n| sort -_time",
    "created": "2026-02-12T14:20:01.877Z",
    "updated": "2026-02-12T14:20:01.877Z",
    "isStarred": false,
    "isActive": true,
    "mitre": {
      "tacticId": "TA0007",
      "tacticName": "Discovery",
      "techniqueId": "T1046",
      "techniqueName": "Network Service Scanning"
    },
    "verified": false,
    "verified_at": null,
    "verified_by": null,
    "note": ""
  },
  {
    "id": "mljjpk9hurfiw7waph",
    "name": "Suspicious File Download Attempt Over Proxy",
    "description": "Proxy üzerinden şüpheli dosya indirme girişimlerini tespit eder.",
    "category": "Proxy",
    "severity": "High",
    "query": "index=proxy sourcetype=bluecoat action=allowed\n| search uri IN (\"*.exe\", \"*.dll\", \"*.scr\", \"*.bat\", \"*.cmd\", \"*.ps1\", \"*.vbs\")\n| stats count by src_ip, uri, category\n| table _time, src_ip, uri, category, count\n| sort -count",
    "created": "2026-02-12T14:20:01.877Z",
    "updated": "2026-02-12T14:20:01.877Z",
    "isStarred": false,
    "isActive": true,
    "mitre": {
      "tacticId": "TA0007",
      "tacticName": "Discovery",
      "techniqueId": "T1046",
      "techniqueName": "Network Service Scanning"
    },
    "verified": false,
    "verified_at": null,
    "verified_by": null,
    "note": ""
  },
  {
    "id": "mljjpk9hnkq9mtnm2sf",
    "name": "CyberArk: Change Password Failed (Bireysel)",
    "description": "CyberArk üzerinde bireysel hesap için şifre değiştirme başarısızlığını tespit eder.",
    "category": "CyberArk/PAM",
    "severity": "High",
    "query": "index=pam sourcetype=cyberark action=\"ChangePassword\" result=\"failed\"\n| search account_type=\"Individual\"\n| stats count by user, account_name, safe\n| table _time, user, account_name, safe, count\n| sort -count",
    "created": "2026-02-12T14:20:01.877Z",
    "updated": "2026-02-12T14:20:01.877Z",
    "isStarred": false,
    "isActive": true,
    "mitre": {
      "tacticId": "TA0007",
      "tacticName": "Discovery",
      "techniqueId": "T1046",
      "techniqueName": "Network Service Scanning"
    },
    "verified": false,
    "verified_at": null,
    "verified_by": null,
    "note": ""
  },
  {
    "id": "mljjpk9hn06lax1x8tc",
    "name": "CyberArk: Change Password Failed (Mobil)",
    "description": "CyberArk üzerinde mobil hesap için şifre değiştirme başarısızlığını tespit eder.",
    "category": "CyberArk/PAM",
    "severity": "High",
    "query": "index=pam sourcetype=cyberark action=\"ChangePassword\" result=\"failed\"\n| search account_type=\"Mobile\" OR account_name=\"MOBIL*\"\n| stats count by user, account_name, safe\n| table _time, user, account_name, safe, count\n| sort -count",
    "created": "2026-02-12T14:20:01.877Z",
    "updated": "2026-02-12T14:20:01.877Z",
    "isStarred": false,
    "isActive": true,
    "mitre": {
      "tacticId": "TA0007",
      "tacticName": "Discovery",
      "techniqueId": "T1046",
      "techniqueName": "Network Service Scanning"
    },
    "verified": false,
    "verified_at": null,
    "verified_by": null,
    "note": ""
  },
  {
    "id": "mljjpk9hi1renxv4bp",
    "name": "CyberArk: Failed Login Attempts",
    "description": "CyberArk başarısız login denemelerini tespit eder.",
    "category": "CyberArk/PAM",
    "severity": "High",
    "query": "index=pam sourcetype=cyberark action=\"Logon\" result=\"failed\"\n| stats count by user, src_ip, reason\n| where count > 3\n| table _time, user, src_ip, reason, count\n| sort -count",
    "created": "2026-02-12T14:20:01.877Z",
    "updated": "2026-02-12T14:20:01.877Z",
    "isStarred": false,
    "isActive": true,
    "mitre": {
      "tacticId": "TA0006",
      "tacticName": "Credential Access",
      "techniqueId": "T1110",
      "techniqueName": "Brute Force"
    },
    "verified": false,
    "verified_at": null,
    "verified_by": null,
    "note": ""
  },
  {
    "id": "mljjpk9hze1khbr1zwq",
    "name": "CyberArk: User Added",
    "description": "CyberArk'a yeni kullanıcı ekleme işlemlerini izler.",
    "category": "CyberArk/PAM",
    "severity": "Medium",
    "query": "index=pam sourcetype=cyberark action=\"AddUser\"\n| stats count by user, NewUserName, UserType\n| table _time, user, NewUserName, UserType, count\n| sort -_time",
    "created": "2026-02-12T14:20:01.877Z",
    "updated": "2026-02-12T14:20:01.877Z",
    "isStarred": false,
    "isActive": true,
    "mitre": {
      "tacticId": "TA0007",
      "tacticName": "Discovery",
      "techniqueId": "T1046",
      "techniqueName": "Network Service Scanning"
    },
    "verified": false,
    "verified_at": null,
    "verified_by": null,
    "note": ""
  },
  {
    "id": "mljjpk9hug90cbzmnsg",
    "name": "CyberArk: User Removed",
    "description": "CyberArk'tan kullanıcı silme işlemlerini tespit eder.",
    "category": "CyberArk/PAM",
    "severity": "Medium",
    "query": "index=pam sourcetype=cyberark action=\"DeleteUser\"\n| stats count by user, DeletedUserName\n| table _time, user, DeletedUserName, count\n| sort -_time",
    "created": "2026-02-12T14:20:01.877Z",
    "updated": "2026-02-12T14:20:01.877Z",
    "isStarred": false,
    "isActive": true,
    "mitre": {
      "tacticId": "TA0007",
      "tacticName": "Discovery",
      "techniqueId": "T1046",
      "techniqueName": "Network Service Scanning"
    },
    "verified": false,
    "verified_at": null,
    "verified_by": null,
    "note": ""
  },
  {
    "id": "mljjpk9hz3epl70jtt",
    "name": "CyberArk: User Added to Group",
    "description": "CyberArk grubuna kullanıcı ekleme işlemlerini izler.",
    "category": "CyberArk/PAM",
    "severity": "Medium",
    "query": "index=pam sourcetype=cyberark action=\"AddUserToGroup\"\n| stats count by user, TargetUser, GroupName\n| table _time, user, TargetUser, GroupName, count\n| sort -_time",
    "created": "2026-02-12T14:20:01.877Z",
    "updated": "2026-02-12T14:20:01.877Z",
    "isStarred": false,
    "isActive": true,
    "mitre": {
      "tacticId": "TA0007",
      "tacticName": "Discovery",
      "techniqueId": "T1046",
      "techniqueName": "Network Service Scanning"
    },
    "verified": false,
    "verified_at": null,
    "verified_by": null,
    "note": ""
  },
  {
    "id": "mljjpk9howwkx32g4sc",
    "name": "CyberArk: User Removed from Group",
    "description": "CyberArk grubundan kullanıcı çıkarma işlemlerini tespit eder.",
    "category": "CyberArk/PAM",
    "severity": "Medium",
    "query": "index=pam sourcetype=cyberark action=\"RemoveUserFromGroup\"\n| stats count by user, TargetUser, GroupName\n| table _time, user, TargetUser, GroupName, count\n| sort -_time",
    "created": "2026-02-12T14:20:01.877Z",
    "updated": "2026-02-12T14:20:01.877Z",
    "isStarred": false,
    "isActive": true,
    "mitre": {
      "tacticId": "TA0007",
      "tacticName": "Discovery",
      "techniqueId": "T1046",
      "techniqueName": "Network Service Scanning"
    },
    "verified": false,
    "verified_at": null,
    "verified_by": null,
    "note": ""
  },
  {
    "id": "mljjpk9hv2txpffukx",
    "name": "CyberArk: User Added to CyberArk NPA Group",
    "description": "CyberArk NPA (Non-Personal Account) grubuna kullanıcı ekleme işlemlerini tespit eder.",
    "category": "CyberArk/PAM",
    "severity": "High",
    "query": "index=pam sourcetype=cyberark action=\"AddUserToGroup\"\n| search GroupName=\"*NPA*\"\n| stats count by user, TargetUser, GroupName\n| table _time, user, TargetUser, GroupName, count\n| sort -_time",
    "created": "2026-02-12T14:20:01.877Z",
    "updated": "2026-02-12T14:20:01.877Z",
    "isStarred": false,
    "isActive": true,
    "mitre": {
      "tacticId": "TA0007",
      "tacticName": "Discovery",
      "techniqueId": "T1046",
      "techniqueName": "Network Service Scanning"
    },
    "verified": false,
    "verified_at": null,
    "verified_by": null,
    "note": ""
  },
  {
    "id": "mljjpk9hq5q32xl12z8",
    "name": "CyberArk: User Removed from CyberArk NPA Group",
    "description": "CyberArk NPA grubundan kullanıcı çıkarma işlemlerini tespit eder.",
    "category": "CyberArk/PAM",
    "severity": "High",
    "query": "index=pam sourcetype=cyberark action=\"RemoveUserFromGroup\"\n| search GroupName=\"*NPA*\"\n| stats count by user, TargetUser, GroupName\n| table _time, user, TargetUser, GroupName, count\n| sort -_time",
    "created": "2026-02-12T14:20:01.877Z",
    "updated": "2026-02-12T14:20:01.877Z",
    "isStarred": false,
    "isActive": true,
    "mitre": {
      "tacticId": "TA0007",
      "tacticName": "Discovery",
      "techniqueId": "T1046",
      "techniqueName": "Network Service Scanning"
    },
    "verified": false,
    "verified_at": null,
    "verified_by": null,
    "note": ""
  },
  {
    "id": "mljjpk9hzrb3de7bvb8",
    "name": "CyberArk: One user retrieved by someone (Robotics)",
    "description": "Robotik hesapların şifresinin alınmasını tespit eder.",
    "category": "CyberArk/PAM",
    "severity": "Medium",
    "query": "index=pam sourcetype=cyberark action=\"RetrievePassword\"\n| search account_name=\"*ROBOT*\" OR account_name=\"*RPA*\" OR account_name=\"*BOT*\"\n| stats count by user, account_name, safe\n| table _time, user, account_name, safe, count\n| sort -_time",
    "created": "2026-02-12T14:20:01.877Z",
    "updated": "2026-02-12T14:20:01.877Z",
    "isStarred": false,
    "isActive": true,
    "mitre": {
      "tacticId": "TA0007",
      "tacticName": "Discovery",
      "techniqueId": "T1046",
      "techniqueName": "Network Service Scanning"
    },
    "verified": false,
    "verified_at": null,
    "verified_by": null,
    "note": ""
  },
  {
    "id": "mljjpk9h8furyjfqjn",
    "name": "CyberArk: MOBIL users retrieved by someone",
    "description": "Mobil kullanıcı hesaplarının şifresinin alınmasını tespit eder.",
    "category": "CyberArk/PAM",
    "severity": "High",
    "query": "index=pam sourcetype=cyberark action=\"RetrievePassword\"\n| search account_name=\"MOBIL*\"\n| stats count by user, account_name, safe, src_ip\n| table _time, user, account_name, safe, src_ip, count\n| sort -_time",
    "created": "2026-02-12T14:20:01.877Z",
    "updated": "2026-02-12T14:20:01.877Z",
    "isStarred": false,
    "isActive": true,
    "mitre": {
      "tacticId": "TA0007",
      "tacticName": "Discovery",
      "techniqueId": "T1046",
      "techniqueName": "Network Service Scanning"
    },
    "verified": false,
    "verified_at": null,
    "verified_by": null,
    "note": ""
  },
  {
    "id": "mljjpk9hm2xt7l8se9b",
    "name": "CyberArk: Retrieve Password Periodic",
    "description": "Periyodik şifre alımlarını tespit eder (anomali tespiti için).",
    "category": "CyberArk/PAM",
    "severity": "Medium",
    "query": "index=pam sourcetype=cyberark action=\"RetrievePassword\"\n| timechart span=1h count by account_name\n| where count > 10",
    "created": "2026-02-12T14:20:01.877Z",
    "updated": "2026-02-12T14:20:01.877Z",
    "isStarred": false,
    "isActive": true,
    "mitre": {
      "tacticId": "TA0007",
      "tacticName": "Discovery",
      "techniqueId": "T1046",
      "techniqueName": "Network Service Scanning"
    },
    "verified": false,
    "verified_at": null,
    "verified_by": null,
    "note": ""
  },
  {
    "id": "mljjpk9hq96thd86nbc",
    "name": "CyberArk: Certificate retrieved by someone",
    "description": "CyberArk üzerinden sertifika alınmasını tespit eder.",
    "category": "CyberArk/PAM",
    "severity": "High",
    "query": "index=pam sourcetype=cyberark action=\"RetrieveCertificate\" OR action=\"RetrieveFile\"\n| search file_name=\"*.pfx\" OR file_name=\"*.cer\" OR file_name=\"*.pem\"\n| stats count by user, account_name, file_name, safe\n| table _time, user, account_name, file_name, safe, count\n| sort -_time",
    "created": "2026-02-12T14:20:01.877Z",
    "updated": "2026-02-12T14:20:01.877Z",
    "isStarred": false,
    "isActive": true,
    "mitre": {
      "tacticId": "TA0007",
      "tacticName": "Discovery",
      "techniqueId": "T1046",
      "techniqueName": "Network Service Scanning"
    },
    "verified": false,
    "verified_at": null,
    "verified_by": null,
    "note": ""
  }
]